tr,filename,title,author,pubLocation,pubDate,mainGenre,url
TR00128,adams.jews.xml,"The History of the Jews, 1812","Adams, Hannah",Boston,1812,G.non-fiction,http://www.wwp.northeastern.edu/texts/adams.jews.html
TR00200,adams.newengland.xml,"A Summary History of New-England, 1799","Adams, Hannah",Dedham,1799,G.non-fiction,http://www.wwp.northeastern.edu/texts/adams.newengland.html
TR00002,aikin.epistles.xml,"Epistles on Women, 1810","Aikin, Lucy",London,1810,G.verse,http://www.wwp.northeastern.edu/texts/aikin.epistles.html
TR00003,anger.protection.xml,"Jane Anger Her Protection for Women, 1589","Anger, Jane",London,1589,G.non-fiction,http://www.wwp.northeastern.edu/texts/anger.protection.html
TR00426,ariadne.venture.xml,"She Ventures, and He Wins, 1696",Ariadne,London,1696,G.drama,http://www.wwp.northeastern.edu/texts/ariadne.venture.html
TR00286,askew.first.xml,"The First Examination of Anne Askew, 1546","Askew, Anne",Marpurg,1546,G.non-fiction,http://www.wwp.northeastern.edu/texts/askew.first.html
TR00010,askew.fox.xml,"The Two Examinations of Anne Askew (Foxe), 1563","Askew, Anne",London,1563,G.non-fiction,http://www.wwp.northeastern.edu/texts/askew.fox.html
TR00287,askew.lattre.xml,"The Latter Examination of Anne Askew, 1547","Askew, Anne",Marpurg,1547,G.non-fiction,http://www.wwp.northeastern.edu/texts/askew.lattre.html
TR00465,astell.marriage.xml,"Reflections Upon Marriage, 1706","Astell, Mary",London,1706,G.non-fiction,http://www.wwp.northeastern.edu/texts/astell.marriage.html
TR00462,astell.proposal.xml,"A Serious Proposal to the Ladies, 1694","Astell, Mary",London,1694,G.non-fiction,http://www.wwp.northeastern.edu/texts/astell.proposal.html
TR00490,augustine.virgin.xml,"The History of the Angelical Virgin Glorious S. Clare (Introductory Material), 1635","Augustine, Sister Magdalen",Douai,1635,G.non-fiction,http://www.wwp.northeastern.edu/texts/augustine.virgin.html
TR00439,bacon.apologie.xml,"An Apology or Answer in Defence of the Church of England, 1564","Bacon, Ann (Cooke)",London,1564,G.non-fiction,http://www.wwp.northeastern.edu/texts/bacon.apologie.html
TR00485,bacon.sermonelec.xml,"Sermons of Barnardine Ochine, 1570","Bacon, Ann (Cooke)",London,1570,G.non-fiction.other,http://www.wwp.northeastern.edu/texts/bacon.sermonelec.html
TR00484,bacon.sermons.xml,"Sermons of Barnardine Ochine of Sena, Translator's Preface, 1548","Bacon, Ann (Cooke)",London,1548,G.non-fiction,http://www.wwp.northeastern.edu/texts/bacon.sermons.html
TR00077,bannerman.poems.xml,"Poems, 1800","Bannerman, Anne",Edinburgh,1800,G.verse,http://www.wwp.northeastern.edu/texts/bannerman.poems.html
TR00082,barbauld.govtsins.xml,"Sins of Government, Sins of the Nation, 1793","Barbauld, Anna Laetitia (Aikin)",London,1793,G.non-fiction,http://www.wwp.northeastern.edu/texts/barbauld.govtsins.html
TR00078,barbauld.legacy.xml,"A Legacy for Young Ladies, 1826","Barbauld, Anna Laetitia (Aikin)",London,1826,G.fiction,http://www.wwp.northeastern.edu/texts/barbauld.legacy.html
TR00076,barbauld.poems.xml,"Poems, 1773","Barbauld, Anna Laetitia (Aikin)",London,1773,G.verse,http://www.wwp.northeastern.edu/texts/barbauld.poems.html
TR00081,barbauld.reasons.xml,"Reasons for National Penitence, 1794","Barbauld, Anna Laetitia (Aikin)",London,1794,G.non-fiction,http://www.wwp.northeastern.edu/texts/barbauld.reasons.html
TR00283,barbauld.works1.xml,"The Works of Anna Laetitia Barbauld, 1826","Barbauld, Anna Laetitia (Aikin)",Boston,1826,G.verse,http://www.wwp.northeastern.edu/texts/barbauld.works1.html
TR00283.02,barbauld.works2.xml,"The Works of Anna Laetitia Barbauld (vol. 2), 1826","Barbauld, Anna Laetitia (Aikin)",Boston,1826,G.non-fiction,http://www.wwp.northeastern.edu/texts/barbauld.works2.html
TR00239,barber.poems.xml,"Poems on Several Occasions, 1734","Barber, Mary",London,1734,G.verse,http://www.wwp.northeastern.edu/texts/barber.poems.html
TR00084,barker.lining.xml,"The Lining of the Patch Work Screen, 1726","Barker, Jane",London,1726,G.fiction.other,http://www.wwp.northeastern.edu/texts/barker.lining.html
TR00290,barker.love.xml,"Love Intrigues: or, The History of the Amours of Bosvil and Galesia, 1713","Barker, Jane",London,1713,G.fiction,http://www.wwp.northeastern.edu/texts/barker.love.html
TR00285,barker.patchwork.xml,"A Patch-Work Screen for the Ladies, 1723","Barker, Jane",London,1723,G.fiction,http://www.wwp.northeastern.edu/texts/barker.patchwork.html
TR00240,barker.recreations.xml,"Poetical Recreations, 1688","Barker, Jane",London,1688,G.verse.lyric,http://www.wwp.northeastern.edu/texts/barker.recreations.html
TR00086,bath.poems.xml,"Poems on Various Occasions, 1806","Bath, Elizabeth",London,1806,G.verse,http://www.wwp.northeastern.edu/texts/bath.poems.html
TR00241,behn.amorous.xml,"The Amorous Prince, or, the Curious Husband, 1671","Behn, Aphra",London,1671,G.drama.prose,http://www.wwp.northeastern.edu/texts/behn.amorous.html
TR00087,behn.discovery.xml,"A Discovery of New Worlds, Translator's Preface, 1688","Behn, Aphra",London,1688,G.non-fiction,http://www.wwp.northeastern.edu/texts/behn.discovery.html
TR00598,behn.emperor.xml,"The Emperor of the Moon, 1688","Behn, Aphra",London,1688,G.drama,http://www.wwp.northeastern.edu/texts/behn.emperor.html
TR00262,behn.happycoronation.xml,"A Pindaric Poem, 1685","Behn, Aphra",London,1685,G.verse,http://www.wwp.northeastern.edu/texts/behn.happycoronation.html
TR00415,behn.loverwatch.xml,"La Montre: or The Lover‰Ûªs Watch, 1686","Behn, Aphra",London,1686,G.fiction,http://www.wwp.northeastern.edu/texts/behn.loverwatch.html
TR00248,behn.miscellany.xml,"Miscellany, Being a Collection of Poems by Several Hands. Together with Reflections on Morality, or Seneca Unmasked, 1685","Behn, Aphra",London,1685,G.verse,http://www.wwp.northeastern.edu/texts/behn.miscellany.html
TR00845,behn.nun.xml,"History of the Nun, 1689","Behn, Aphra",London,1689,G.fiction,http://www.wwp.northeastern.edu/texts/behn.nun.html
TR00599,behn.patient.xml,"Sir Patient Fancy, 1678","Behn, Aphra",London,1678,G.drama,http://www.wwp.northeastern.edu/texts/behn.patient.html
TR00460,behn.pindaric.xml,"A Pindaric Poem to the Reverend Doctor Burnet, 1689","Behn, Aphra",London,1689,G.verse,http://www.wwp.northeastern.edu/texts/behn.pindaric.html
TR00246,behn.poems-love.xml,"Poems Upon Several Occasions, with a Voyage to the Island of Love, 1684","Behn, Aphra",London,1684,G.verse,http://www.wwp.northeastern.edu/texts/behn.poems-love.html
TR00604,behn.widow.xml,"The Widow Ranter, 1690","Behn, Aphra",London,1690,G.drama,http://www.wwp.northeastern.edu/texts/behn.widow.html
TR00249,benger.geniad.xml,"The Female Geniad, 1791","Benger, Elizabeth Ogilvy",London,1791,G.verse,http://www.wwp.northeastern.edu/texts/benger.geniad.html
TR00473,biddle.trumpet.xml,"The Trumpet of the Lord Sounded Forth Unto These Three Nations, 1662","Biddle, Hester",London,1662,G.non-fiction,http://www.wwp.northeastern.edu/texts/biddle.trumpet.html
TR00432,biddle.warlord.xml,"A Warning from the Lord God, 1660","Biddle, Hester",London,1660,G.non-fiction,http://www.wwp.northeastern.edu/texts/biddle.warlord.html
TR00486,boothby.marcelia.xml,"Marcelia: or the Treacherous Friend, 1670","Boothby, Frances",London,1670,G.drama,http://www.wwp.northeastern.edu/texts/boothby.marcelia.html
TR00601,bowdler.poemessays.xml,"Poems and Essays, 1786","Bowdler, Jane",Bath,1786,G.non-fiction,http://www.wwp.northeastern.edu/texts/bowdler.poemessays.html
TR00445,boyd.variety.xml,"Variety: A Poem, 1727","Boyd, Elizabeth",London,1727,G.verse,http://www.wwp.northeastern.edu/texts/boyd.variety.html
TR00509,bradstreet.several.xml,"Several Poems, 1678","Bradstreet, Anne (Dudley)",Boston,1678,G.verse,http://www.wwp.northeastern.edu/texts/bradstreet.several.html
TR00088,bradstreet.tenthmuse.xml,"The Tenth Muse, 1650","Bradstreet, Anne (Dudley)",London,1650,G.verse,http://www.wwp.northeastern.edu/texts/bradstreet.tenthmuse.html
TR00233.00,brooke.emily.xml,"The History of Emily Montague, 1769","Brooke, Frances (Moore)",London,1769,G.fiction,http://www.wwp.northeastern.edu/texts/brooke.emily.html
TR00589,brooks.idomen.xml,"Idomen, or the Vale of Yumuri, 1843","Brooks, Maria (Gowen)",New York,1843,G.verse,http://www.wwp.northeastern.edu/texts/brooks.idomen.html
TR00591,brooks.zophiel1825.xml,"ZÌ_phiÌÇl, a Poem, 1825","Brooks, Maria (Gowen)",Boston,1825,G.verse,http://www.wwp.northeastern.edu/texts/brooks.zophiel1825.html
TR00590,brooks.zophiel1834.xml,"ZÌ_phiÌÇl; or, the Bride of Seven, 1834","Brooks, Maria (Gowen)",Boston,1834,G.verse,http://www.wwp.northeastern.edu/texts/brooks.zophiel1834.html
TR00089,bryan.sonnets.xml,"Sonnets and Metrical Tales, 1815","Bryan, Mary",Bristol,1815,G.verse,http://www.wwp.northeastern.edu/texts/bryan.sonnets.html
TR00230,bullard.reformation.xml,"The Reformation, 1832","Bullard, Anne Tuttle Jones",Boston,1832,G.fiction.other,http://www.wwp.northeastern.edu/texts/bullard.reformation.html
TR00691,burch.catechism.xml,"A Catechism of the Several Heads of Christian Religion, 1646","Burch, Dorothy",London,1646,G.non-fiction,http://www.wwp.northeastern.edu/texts/burch.catechism.html
TR00091,campbell.poems.xml,"Poems, 1816","Campbell, Dorothea Primrose",London,1816,G.verse,http://www.wwp.northeastern.edu/texts/campbell.poems.html
TR00092,candler.poetical.xml,"Poetical Attempts, 1803","Candler, Ann (More)",Ipswich,1803,G.verse,http://www.wwp.northeastern.edu/texts/candler.poetical.html
TR00487,carleton.case.xml,"The Case of Madam Mary Carleton, 1663","Carleton, Mary",London,1663,G.non-fiction,http://www.wwp.northeastern.edu/texts/carleton.case.html
TR00093,carter.poems.xml,"Poems on Several Occasions, 1816","Carter, Elizabeth",London,1816,G.verse.lyric,http://www.wwp.northeastern.edu/texts/carter.poems.html
TR00298,cartwright.jewes.xml,"The Petition of the Jews, 1649","Cartwright, Joanna",London,1649,G.non-fiction,http://www.wwp.northeastern.edu/texts/cartwright.jewes.html
TR00406,cary-e.edoct.xml,"The History of the Most Unfortunate Prince King Edward II, 1680","Cary, Elizabeth (Tanfield), Viscountess Falkland",London,1680,G.non-fiction,http://www.wwp.northeastern.edu/texts/cary-e.edoct.html
TR00381,cary-e.history.xml,"The History of the Life, Reign, and Death of Edward II, 1680","Cary, Elizabeth (Tanfield), Viscountess Falkland",London,1680,G.non-fiction,http://www.wwp.northeastern.edu/texts/cary-e.history.html
TR00250,cary-e.mariam.xml,"The Tragedie of Mariam, 1613","Cary, Elizabeth (Tanfield), Viscountess Falkland",London,1613,G.drama,http://www.wwp.northeastern.edu/texts/cary-e.mariam.html
TR00470,cary-m.doom.xml,"The Little Horns Doom and Downfall, and A New and More Exact Map, 1651","Cary, Mary",London,1651,G.non-fiction,http://www.wwp.northeastern.edu/texts/cary-m.doom.html
TR00094,cassan.poems.xml,"Poems, 1806","Cassan, Sarah (Mears)",London,1806,G.verse,http://www.wwp.northeastern.edu/texts/cassan.poems.html
TR00325,cavendish.62a-struct.xml,"Plays (prefatory and concluding matter), 1662","Cavendish, Margaret (Lucas), Duchess of Newcastle",London,1662,G.non-fiction,http://www.wwp.northeastern.edu/texts/cavendish.62a-struct.html
TR00325.02,cavendish.62b-loves.xml,"Loves Adventures, 1662","Cavendish, Margaret (Lucas), Duchess of Newcastle",London,1662,G.drama,http://www.wwp.northeastern.edu/texts/cavendish.62b-loves.html
TR00325.03,cavendish.62c-several.xml,"The Several Wits, 1662","Cavendish, Margaret (Lucas), Duchess of Newcastle",London,1662,G.drama,http://www.wwp.northeastern.edu/texts/cavendish.62c-several.html
TR00325.04,cavendish.62d-youths.xml,"Youths Glory, and Deaths Banquet, 1662","Cavendish, Margaret (Lucas), Duchess of Newcastle",London,1662,G.drama,http://www.wwp.northeastern.edu/texts/cavendish.62d-youths.html
TR00325.05,cavendish.62e-lady.xml,"The Lady Contemplation, 1662","Cavendish, Margaret (Lucas), Duchess of Newcastle",London,1662,G.drama,http://www.wwp.northeastern.edu/texts/cavendish.62e-lady.html
TR00325.06,cavendish.62f-wits.xml,"Wits Cabal, 1662","Cavendish, Margaret (Lucas), Duchess of Newcastle",London,1662,G.drama,http://www.wwp.northeastern.edu/texts/cavendish.62f-wits.html
TR00325.07,cavendish.62g-unnatural.xml,"The Unnatural Tragedy, 1662","Cavendish, Margaret (Lucas), Duchess of Newcastle",London,1662,G.drama,http://www.wwp.northeastern.edu/texts/cavendish.62g-unnatural.html
TR00325.08,cavendish.62h-public.xml,"The Public Wooing, 1662","Cavendish, Margaret (Lucas), Duchess of Newcastle",London,1662,G.drama,http://www.wwp.northeastern.edu/texts/cavendish.62h-public.html
TR00325.09,cavendish.62i-matrimonial.xml,"The Matrimonial Trouble, 1662","Cavendish, Margaret (Lucas), Duchess of Newcastle",London,1662,G.drama,http://www.wwp.northeastern.edu/texts/cavendish.62i-matrimonial.html
TR00325.10,cavendish.62j-natures.xml,"Nature's Three Daughters, Beauty, Love and Wit, 1662","Cavendish, Margaret (Lucas), Duchess of Newcastle",London,1662,G.drama,http://www.wwp.northeastern.edu/texts/cavendish.62j-natures.html
TR00325.11,cavendish.62k-religious.xml,"The Religious, 1662","Cavendish, Margaret (Lucas), Duchess of Newcastle",London,1662,G.drama,http://www.wwp.northeastern.edu/texts/cavendish.62k-religious.html
TR00325.12,cavendish.62l-hash.xml,"The Comical Hash, 1662","Cavendish, Margaret (Lucas), Duchess of Newcastle",London,1662,G.drama,http://www.wwp.northeastern.edu/texts/cavendish.62l-hash.html
TR00325.13,cavendish.62m-bell.xml,"Bell in Campo, 1662","Cavendish, Margaret (Lucas), Duchess of Newcastle",London,1662,G.drama,http://www.wwp.northeastern.edu/texts/cavendish.62m-bell.html
TR00325.14,cavendish.62n-apocriphal.xml,"A Comedy of the Apocryphal Ladies, 1662","Cavendish, Margaret (Lucas), Duchess of Newcastle",London,1662,G.drama,http://www.wwp.northeastern.edu/texts/cavendish.62n-apocriphal.html
TR00325.15,cavendish.62o-female.xml,"The Female Academy, 1662","Cavendish, Margaret (Lucas), Duchess of Newcastle",London,1662,G.drama,http://www.wwp.northeastern.edu/texts/cavendish.62o-female.html
TR00326,cavendish.68a-struct.xml,"Plays Never Before Printed (preliminary matter), 1668","Cavendish, Margaret (Lucas), Duchess of Newcastle",London,1668,G.non-fiction,http://www.wwp.northeastern.edu/texts/cavendish.68a-struct.html
TR00326.02,cavendish.68b-sociable.xml,"The Sociable Companions, or the Female Wits, 1668","Cavendish, Margaret (Lucas), Duchess of Newcastle",London,1668,G.drama,http://www.wwp.northeastern.edu/texts/cavendish.68b-sociable.html
TR00326.03,cavendish.68c-presence.xml,"The Presence, 1668","Cavendish, Margaret (Lucas), Duchess of Newcastle",London,1668,G.drama,http://www.wwp.northeastern.edu/texts/cavendish.68c-presence.html
TR00326.04,cavendish.68d-bridals.xml,"The Bridals, 1668","Cavendish, Margaret (Lucas), Duchess of Newcastle",London,1668,G.drama,http://www.wwp.northeastern.edu/texts/cavendish.68d-bridals.html
TR00326.05,cavendish.68e-convent.xml,"The Convent of Pleasure, 1668","Cavendish, Margaret (Lucas), Duchess of Newcastle",London,1668,G.drama,http://www.wwp.northeastern.edu/texts/cavendish.68e-convent.html
TR00326.06,cavendish.68f-piece.xml,"A Piece of a Play, 1668","Cavendish, Margaret (Lucas), Duchess of Newcastle",London,1668,G.drama,http://www.wwp.northeastern.edu/texts/cavendish.68f-piece.html
TR00253,cavendish.blazing.xml,"The Description of a New World, Called the Blazing-World, 1668","Cavendish, Margaret (Lucas), Duchess of Newcastle",London,1668,G.fiction,http://www.wwp.northeastern.edu/texts/cavendish.blazing.html
TR00251,cavendish.fancies.xml,"Poems and Fancies, 1653","Cavendish, Margaret (Lucas), Duchess of Newcastle",London,1653,G.verse,http://www.wwp.northeastern.edu/texts/cavendish.fancies.html
TR00429,cavendish.natpix.xml,"Natures Pictures, 1656","Cavendish, Margaret (Lucas), Duchess of Newcastle",London,1656,G.fiction,http://www.wwp.northeastern.edu/texts/cavendish.natpix.html
TR00441.01,cavendish.observations.xml,"Observations upon Experimental Philosophy, 1666","Cavendish, Margaret (Lucas), Duchess of Newcastle",London,1666,G.non-fiction,http://www.wwp.northeastern.edu/texts/cavendish.observations.html
TR00252,cavendish.olio.xml,"The World's Olio, 1655","Cavendish, Margaret (Lucas), Duchess of Newcastle",London,1655,G.non-fiction,http://www.wwp.northeastern.edu/texts/cavendish.olio.html
TR00369,cavendish.philosophical.xml,"Philosophical Letters, 1664","Cavendish, Margaret (Lucas), Duchess of Newcastle",London,1664,G.non-fiction.letter,http://www.wwp.northeastern.edu/texts/cavendish.philosophical.html
TR00436,cavendish.william.xml,"The Life of William Cavendish, 1667","Cavendish, Margaret (Lucas), Duchess of Newcastle",London,1667,G.non-fiction,http://www.wwp.northeastern.edu/texts/cavendish.william.html
TR00475,cellier.maldef.xml,"Malice Defeated, 1680","Cellier, Elizabeth (Dormer)",London,1680,G.non-fiction,http://www.wwp.northeastern.edu/texts/cellier.maldef.html
TR00467,cellier.todoctor.xml,"To Dr.---- An Answer to his Queries, Concerning the College of Midwives, 1688","Cellier, Elizabeth (Dormer)",London,1688,G.non-fiction,http://www.wwp.northeastern.edu/texts/cellier.todoctor.html
TR00510,centlivre.bewitched.xml,"The Man's Bewitched, 1709","Centlivre, Susanna (Freeman)",London,1709,G.drama,http://www.wwp.northeastern.edu/texts/centlivre.bewitched.html
TR00443,centlivre.platlady.xml,"The Platonic Lady, 1707","Centlivre, Susanna (Freeman)",London,1707,G.drama,http://www.wwp.northeastern.edu/texts/centlivre.platlady.html
TR00444,centlivre.wonderwoman.xml,"The Wonder: A Woman Keeps a Secret, 1714","Centlivre, Susanna (Freeman)",London,1714,G.drama,http://www.wwp.northeastern.edu/texts/centlivre.wonderwoman.html
TR00106,chalmers.poems.xml,"Poems, 1813","Chalmers, Margaret",Newcastle,1813,G.verse,http://www.wwp.northeastern.edu/texts/chalmers.poems.html
TR00114,chandler.essays.xml,"Essays, Philanthropic and Moral, 1845","Chandler, Elizabeth Margaret",Philadelphia and New York,1845,G.non-fiction,http://www.wwp.northeastern.edu/texts/chandler.essays.html
TR00113,chandler.poetical.xml,"The Poetical Works of Elizabeth Margaret Chandler, 1845","Chandler, Elizabeth Margaret",Philadelphia and New York,1845,G.verse,http://www.wwp.northeastern.edu/texts/chandler.poetical.html
TR00703,chapone.letter.xml,"A Letter to a New-Married Lady, 1777","Chapone, Hester (Mulso)",London,1777,G.non-fiction,http://www.wwp.northeastern.edu/texts/chapone.letter.html
TR00304,cheney.pilgrimpeep.xml,"A Peep at the Pilgrims, 1824","Cheney, Harriet Vaughan (Foster)",Boston,1824,G.fiction,http://www.wwp.northeastern.edu/texts/cheney.pilgrimpeep.html
TR00469,chidley.counsell.xml,"Good Counsel, to the Petitioners for Presbyterian Government, 1645","Chidley, Katharine",s.l.,1645,G.non-fiction,http://www.wwp.northeastern.edu/texts/chidley.counsell.html
TR00464,chidley.just.xml,"The Justification of the Independent Churches of Christ, 1641","Chidley, Katharine",London,1641,G.non-fiction,http://www.wwp.northeastern.edu/texts/chidley.just.html
TR00463,chidley.newyeares.xml,"A New-Yeares Gift, 1645","Chidley, Katharine",s.l.,1645,G.non-fiction,http://www.wwp.northeastern.edu/texts/chidley.newyeares.html
TR00295,child.appeal.xml,"An Appeal in Favor of that Class of Americans Called Africans, 1833","Child, Lydia Maria",Boston,1833,G.non-fiction,http://www.wwp.northeastern.edu/texts/child.appeal.html
TR00108,chudleigh.defence.xml,"The Ladies Defence, 1701","Chudleigh, Lady Mary (Lee)",London,1701,G.verse,http://www.wwp.northeastern.edu/texts/chudleigh.defence.html
TR00107,chudleigh.essays.xml,"Essays Upon Several Subjects in Prose and Verse, 1710","Chudleigh, Lady Mary (Lee)",London,1710,G.non-fiction.essay,http://www.wwp.northeastern.edu/texts/chudleigh.essays.html
TR00254,chudleigh.poems3ch.xml,"Poems on Several Occasions. Together with the Song of the Three Children Paraphrased, 1703","Chudleigh, Lady Mary (Lee)",London,1703,G.verse,http://www.wwp.northeastern.edu/texts/chudleigh.poems3ch.html
TR00712.01,clark.esquimaux01.xml,"The Esquimaux; or, Fidelity (vol. 1), 1819","Clark, Emily Frederick",London,1819,G.fiction,http://www.wwp.northeastern.edu/texts/clark.esquimaux01.html
TR00712.02,clark.esquimaux02.xml,"The Esquimaux; or, Fidelity (vol. 2), 1819","Clark, Emily Frederick",London,1819,G.fiction,http://www.wwp.northeastern.edu/texts/clark.esquimaux02.html
TR00712.03,clark.esquimaux03.xml,"The Esquimaux; or, Fidelity (vol. 3), 1819","Clark, Emily Frederick",London,1819,G.fiction,http://www.wwp.northeastern.edu/texts/clark.esquimaux03.html
TR00111,clarke.cornell.xml,"Sarah Maria Cornell, or The Fall River Murder, 1833","Clarke, Mary Carr",New York,1813,G.drama,http://www.wwp.northeastern.edu/texts/clarke.cornell.html
TR00109,clinton.nurserie.xml,"The Countess of Lincoln's Nursery, 1622","Clinton, Elizabeth",Oxford,1622,G.non-fiction,http://www.wwp.northeastern.edu/texts/clinton.nurserie.html
TR00110,clive.case.xml,"The Case of Mrs. Clive, 1744","Clive, Catherine",London,1744,G.non-fiction,http://www.wwp.northeastern.edu/texts/clive.case.html
TR00112,collier.labour.xml,"The Woman's Labour, 1739","Collier, Mary",London,1739,G.verse,http://www.wwp.northeastern.edu/texts/collier.labour.html
TR00430,collins.divine.xml,"Divine Songs and Meditations, 1653","Collins, An",London,1653,G.verse,http://www.wwp.northeastern.edu/texts/collins.divine.html
TR00726,conway.philosophy.xml,"The Principles of the Most Ancient and Modern Philosophy, 1692","Conway, Anne (Finch), Viscountess Conway",London,1692,G.non-fiction,http://www.wwp.northeastern.edu/texts/conway.philosophy.html
TR00293,cooper.address.xml,"An Address to the People of Wapping and its Environs, 1770","Cooper, Mrs.",London,1770,G.verse,http://www.wwp.northeastern.edu/texts/cooper.address.html
TR00115.04,cowley.albina.xml,"Albina, a Tragedy, 1813","Cowley, Hannah (Parkhouse)",London,1813,G.drama,http://www.wwp.northeastern.edu/texts/cowley.albina.html
TR00115.05,cowley.belles.xml,"The Belle's Stratagem, 1813","Cowley, Hannah (Parkhouse)",London,1813,G.drama,http://www.wwp.northeastern.edu/texts/cowley.belles.html
TR00115.07,cowley.bold.xml,"A Bold Stroke for a Husband, 1813","Cowley, Hannah (Parkhouse)",London,1813,G.drama,http://www.wwp.northeastern.edu/texts/cowley.bold.html
TR00115,cowley.dramas.xml,"The Works of Mrs. Cowley, 1813","Cowley, Hannah (Parkhouse)",London,1813,G.drama,http://www.wwp.northeastern.edu/texts/cowley.dramas.html
TR00115.03,cowley.dupe.xml,"Who's the Dupe?, 1813","Cowley, Hannah (Parkhouse)",London,1813,G.drama,http://www.wwp.northeastern.edu/texts/cowley.dupe.html
TR00115.14,cowley.greencoat.xml,"Green Coat and Brown Coat, 1813","Cowley, Hannah (Parkhouse)",London,1813,G.fiction,http://www.wwp.northeastern.edu/texts/cowley.greencoat.html
TR00125,cowley.greybeards.xml,"A School for Greybeards; or, The Mourning Bride, 1786","Cowley, Hannah (Parkhouse)",London,1786,G.drama.prose,http://www.wwp.northeastern.edu/texts/cowley.greybeards.html
TR00115.08,cowley.moreways.xml,"More Ways Than One, 1813","Cowley, Hannah (Parkhouse)",London,1813,G.drama,http://www.wwp.northeastern.edu/texts/cowley.moreways.html
TR00127,cowley.pitcairne.xml,"The Scottish Village, 1786","Cowley, Hannah (Parkhouse)",London,1786,G.verse,http://www.wwp.northeastern.edu/texts/cowley.pitcairne.html
TR00115.13,cowley.poems.xml,"Poems, 1813","Cowley, Hannah (Parkhouse)",London,1813,G.verse,http://www.wwp.northeastern.edu/texts/cowley.poems.html
TR00115.02,cowley.runaway.xml,"The Runaway, 1813","Cowley, Hannah (Parkhouse)",London,1813,G.drama,http://www.wwp.northeastern.edu/texts/cowley.runaway.html
TR00115.10,cowley.sparta.xml,"The Fate of Sparta, 1813","Cowley, Hannah (Parkhouse)",London,1813,G.drama,http://www.wwp.northeastern.edu/texts/cowley.sparta.html
TR00115.06,cowley.theman.xml,"Which is the Man?, 1813","Cowley, Hannah (Parkhouse)",London,1813,G.drama,http://www.wwp.northeastern.edu/texts/cowley.theman.html
TR00115.12,cowley.townbefore.xml,"The Town Before You, 1813","Cowley, Hannah (Parkhouse)",London,1813,G.drama.prose,http://www.wwp.northeastern.edu/texts/cowley.townbefore.html
TR00115.11,cowley.turkey.xml,"A Day in Turkey, 1813","Cowley, Hannah (Parkhouse)",London,1813,G.drama,http://www.wwp.northeastern.edu/texts/cowley.turkey.html
TR00131,cristall.sketches.xml,"Poetical Sketches, 1795","Cristall, Ann Batten",London,1795,G.verse,http://www.wwp.northeastern.edu/texts/cristall.sketches.html
TR00224,cushing.letters.xml,"Letters, Descriptive of Public Monuments, Scenery, and Manners in France and Spain (vol. 1, France), 1832","Cushing, Caroline Elizabeth (Wilde)","Newburyport, MA",1832,G.non-fiction,http://www.wwp.northeastern.edu/texts/cushing.letters.html
TR00684,cushing.letters2.xml,"Letters, Descriptive of Public Monuments, Scenery, and Manners in France and Spain (vol. 2, Spain), 1832","Cushing, Caroline Elizabeth (Wilde)","Newburyport, MA",1832,G.non-fiction,http://www.wwp.northeastern.edu/texts/cushing.letters2.html
TR00534.01,cushing.saratoga1.xml,"Saratoga; a Tale of the Revolution (vol. 1), 1824","Cushing, Eliza Lanesford",Boston,1824,G.fiction,http://www.wwp.northeastern.edu/texts/cushing.saratoga1.html
TR00534.02,cushing.saratoga2.xml,"Saratoga; a Tale of the Revolution (vol. 2), 1824","Cushing, Eliza Lanesford",Boston,1824,G.fiction,http://www.wwp.northeastern.edu/texts/cushing.saratoga2.html
TR00468,danvers.academia.xml,"Academia: or, the Humours of the University of Oxford, 1691","D'Anvers, Alicia (Clarke)",London,1691,G.verse,http://www.wwp.northeastern.edu/texts/danvers.academia.html
TR00466,danvers.oxford.xml,"The Oxford-Act: A Poem, 1693","D'Anvers, Alicia (Clarke)",London,1693,G.verse,http://www.wwp.northeastern.edu/texts/danvers.oxford.html
TR00014,davies.apocalypse.xml,"Apocalypse, Chap. 11, 1640","Davies, Lady Eleanor",[s.l.],1640,G.non-fiction,http://www.wwp.northeastern.edu/texts/davies.apocalypse.html
TR00015,davies.appearance.xml,"The Appearance or Presence of the Son of Man, 1650","Davies, Lady Eleanor",[s.l.],1649,G.non-fiction,http://www.wwp.northeastern.edu/texts/davies.appearance.html
TR00016,davies.arraignment.xml,"The Arraignment, 1650","Davies, Lady Eleanor",s.l.,1650,G.non-fiction,http://www.wwp.northeastern.edu/texts/davies.arraignment.html
TR00019,davies.benediction.xml,"The Benediction, 1651","Davies, Lady Eleanor",[s.l.],1651,G.non-fiction,http://www.wwp.northeastern.edu/texts/davies.benediction.html
TR00021,davies.bethlehem.xml,"Bethlehem Signifying the House of Bread, 1652","Davies, Lady Eleanor",[s.l.],1652,G.non-fiction,http://www.wwp.northeastern.edu/texts/davies.bethlehem.html
TR00023,davies.blasphemous.xml,"The Blasphemous Charge Against Her, 1649","Davies, Lady Eleanor",[s.l.],1649,G.non-fiction,http://www.wwp.northeastern.edu/texts/davies.blasphemous.html
TR00036,davies.blessing.xml,"From the Lady Eleanor, Her Blessing to Her Beloved Daughter, 1644","Davies, Lady Eleanor",London,1644,G.non-fiction,http://www.wwp.northeastern.edu/texts/davies.blessing.html
TR00024,davies.brides.xml,"The Bride's Preparation, 1644","Davies, Lady Eleanor",[s.l.],1644,G.non-fiction,http://www.wwp.northeastern.edu/texts/davies.brides.html
TR00025,davies.cryingcharge.xml,"The Crying Charge, 1649","Davies, Lady Eleanor",[s.l.],1649,G.non-fiction,http://www.wwp.northeastern.edu/texts/davies.cryingcharge.html
TR00027,davies.elijah.xml,"Elijah the Tishbite's Supplication, 1650","Davies, Lady Eleanor",[s.l.],1650,G.non-fiction,http://www.wwp.northeastern.edu/texts/davies.elijah.html
TR00031,davies.ezekprophet.xml,"Ezekiel the Prophet Explained, 1647","Davies, Lady Eleanor",[s.l.],1647,G.non-fiction,http://www.wwp.northeastern.edu/texts/davies.ezekprophet.html
TR00297,davies.feast.xml,"For the Blessed Feast of Easter, 1646","Davies, Lady Eleanor",s.l.,1646,G.non-fiction,http://www.wwp.northeastern.edu/texts/davies.feast.html
TR00037,davies.gatehouse.xml,"The Gatehouse Salutation, 1646","Davies, Lady Eleanor",[s.l.],1646,G.non-fiction,http://www.wwp.northeastern.edu/texts/davies.gatehouse.html
TR00034,davies.gerbier.xml,"For the Right Noble Sir Balthazar Gerbier, 1649","Davies, Lady Eleanor",[s.l.],1649,G.non-fiction,http://www.wwp.northeastern.edu/texts/davies.gerbier.html
TR00028,davies.gospel.xml,"The Everlasting Gospel, 1649","Davies, Lady Eleanor",[s.l.],1649,G.non-fiction,http://www.wwp.northeastern.edu/texts/davies.gospel.html
TR00039,davies.greatbritain.xml,"Great Britain's Visitation, 1645","Davies, Lady Eleanor",[s.l.],1645,G.non-fiction,http://www.wwp.northeastern.edu/texts/davies.greatbritain.html
TR00040,davies.hells.xml,"Hell's Destruction, 1651","Davies, Lady Eleanor",s.l.,1651,G.non-fiction,http://www.wwp.northeastern.edu/texts/davies.hells.html
TR00033,davies.honorable.xml,"For the Most Honorable States, 1649","Davies, Lady Eleanor",[s.l.],1649,G.non-fiction,http://www.wwp.northeastern.edu/texts/davies.honorable.html
TR00012,davies.kingsofearth.xml,"All the Kings of the Earth Shall Praise Thee, 1633","Davies, Lady Eleanor",[s.l.],1633,G.non-fiction,http://www.wwp.northeastern.edu/texts/davies.kingsofearth.html
TR00026,davies.modell.xml,"The Day of Judgments Model, 1646","Davies, Lady Eleanor",[s.l.],1646,G.non-fiction,http://www.wwp.northeastern.edu/texts/davies.modell.html
TR00017,davies.notunknown.xml,"As Not Unknown, This Petition, 1645","Davies, Lady Eleanor",[s.l.],1645,G.non-fiction,http://www.wwp.northeastern.edu/texts/davies.notunknown.html
TR00057,davies.reader.xml,"Reader, the Heavy Hour at Hand, 1648","Davies, Lady Eleanor",[s.l.],1648,G.non-fiction,http://www.wwp.northeastern.edu/texts/davies.reader.html
TR00070,davies.tobits.xml,"Tobits Book: A Lesson, 1652","Davies, Lady Eleanor",s.l.,1652,G.non-fiction,http://www.wwp.northeastern.edu/texts/davies.tobits.html
TR00071,davies.warning.xml,"A Warning to the Dragon, 1625","Davies, Lady Eleanor",s.l.,1625,G.non-fiction,http://www.wwp.northeastern.edu/texts/davies.warning.html
TR00035,davies.whitsun.xml,"For Whitsun Tide's Last Feast, 1645","Davies, Lady Eleanor",[s.l.],1645,G.non-fiction,http://www.wwp.northeastern.edu/texts/davies.whitsun.html
TR00073,davies.wordofgod.xml,"The Word of God, 1644","Davies, Lady Eleanor",s.l.,1644,G.non-fiction,http://www.wwp.northeastern.edu/texts/davies.wordofgod.html
TR00132,davys.coquet.xml,"The Reformed Coquet; or Memoirs of Amoranda, 1752","Davys, Mary",London,1752,G.fiction,http://www.wwp.northeastern.edu/texts/davys.coquet.html
TR00488,deacon.delicious.xml,"Delicious Entertainments of the Soul (introductory materials), 1632","Deacon, Pudentiana",Douai,1632,G.non-fiction,http://www.wwp.northeastern.edu/texts/deacon.delicious.html
TR00134,defleury.divinepoems.xml,"Divine Poems and Essays, 1791","De Fleury, Maria",London,1791,G.verse,http://www.wwp.northeastern.edu/texts/defleury.divinepoems.html
TR00133,defleury.liberty.xml,"British Liberty Established, 1790","De Fleury, Maria",London,1790,G.verse,http://www.wwp.northeastern.edu/texts/defleury.liberty.html
TR00135,deverell.maryqueen.xml,"Mary, Queen of Scots; An Historical Tragedy, 1792","Deverell, Mary",London,1792,G.drama.verse,http://www.wwp.northeastern.edu/texts/deverell.maryqueen.html
TR00428,dixon.poems.xml,"Poems on Several Occasions, 1740","Dixon, Sarah",Canterbury,1740,G.verse,http://www.wwp.northeastern.edu/texts/dixon.poems.html
TR00136,downing.femalefriend.xml,"Mary, or Female Friendship, 1816","Downing, Harriet",London,1816,G.verse,http://www.wwp.northeastern.edu/texts/downing.femalefriend.html
TR00367,dowriche.french.xml,"The French History, 1589","Dowriche, Anne (Edgecombe)",London,1589,G.verse,http://www.wwp.northeastern.edu/texts/dowriche.french.html
TR00489,duverger.admirable.xml,"Admirable Events (Epistle Dedicatory), 1639","Du Verger, Susanne",London,1639,G.non-fiction,http://www.wwp.northeastern.edu/texts/duverger.admirable.html
TR00137,edgeworth.letters.xml,"Letters for Literary Ladies, 1795","Edgeworth, Maria",London,1795,G.fiction,http://www.wwp.northeastern.edu/texts/edgeworth.letters.html
TR00683,edgeworth.trusty.xml,"The Little Dog Trusty; the Orange Man; and the Cherry Orchard, 1801","Edgeworth, Maria",London,1801,G.fiction,http://www.wwp.northeastern.edu/texts/edgeworth.trusty.html
TR00461,egerton.female.xml,"The Female Advocate, 1686","Egerton, Sarah (Fyge)",London,1686,G.verse,http://www.wwp.northeastern.edu/texts/egerton.female.html
TR00442,egerton.poems.xml,"Poems on Several Occasions, Together with a Pastoral, 1703","Egerton, Sarah (Fyge)",London,1703,G.verse,http://www.wwp.northeastern.edu/texts/egerton.poems.html
TR00421,elizabeth.accession.xml,"The Accession Speech and Prayer, 1558",Elizabeth I,London,1558-01-23,G.non-fiction,http://www.wwp.northeastern.edu/texts/elizabeth.accession.html
TR00370,elizabeth.amost.xml,"A Most Excellent and Remarkable Speech, 1575 (published 1643)",Elizabeth I,London,1643-01-28,G.non-fiction,http://www.wwp.northeastern.edu/texts/elizabeth.amost.html
TR00366,elizabeth.godmed.xml,"A Godly Meditation of the Christian Soul, 1548",Elizabeth I,s.l.,1548,G.non-fiction,http://www.wwp.northeastern.edu/texts/elizabeth.godmed.html
TR00423,elizabeth.goldendewes2.xml,"The Golden Speech, 1601",Elizabeth I,London,1693,G.non-fiction,http://www.wwp.northeastern.edu/texts/elizabeth.goldendewes2.html
TR00373,elizabeth.hermaiesties.xml,"Her Majesty's Most Princely Answer (The Golden Speech), 1601",Elizabeth I,London,1601-11-30,G.non-fiction,http://www.wwp.northeastern.edu/texts/elizabeth.hermaiesties.html
TR00371,elizabeth.lastspeech.xml,"The Last Speech and Thanks of Queen Elizabeth, 1601",Elizabeth I,London,1679,G.non-fiction,http://www.wwp.northeastern.edu/texts/elizabeth.lastspeech.html
TR00418,elizabeth.marrcamden.xml,"The Marriage Speech (extemporaneous version), 1559",Elizabeth I,London,1688,G.non-fiction,http://www.wwp.northeastern.edu/texts/elizabeth.marrcamden.html
TR00425,elizabeth.marrdewes.xml,"The Marriage Speech (parliamentary version), 1559",Elizabeth I,London,1693,G.non-fiction,http://www.wwp.northeastern.edu/texts/elizabeth.marrdewes.html
TR00374,elizabeth.sptoherlast.xml,"Queen Elizabeth's Speech to Her Last Parliament, 1601 (published 1642)",Elizabeth I,London,1642,G.non-fiction,http://www.wwp.northeastern.edu/texts/elizabeth.sptoherlast.html
TR00420,elizabeth.tilburyaske.xml,"The Tilbury speech (Aske's version), 1588",Elizabeth I,London,1588,G.verse,http://www.wwp.northeastern.edu/texts/elizabeth.tilburyaske.html
TR00419,elizabeth.tilburycabala.xml,"The Tilbury speech (version in Cabala), 1588",Elizabeth I,London,1654,G.non-fiction,http://www.wwp.northeastern.edu/texts/elizabeth.tilburycabala.html
TR00435,elizabeth.truecopie.xml,"The True Copy of a Letter, 1586",Elizabeth I,London,1586,G.non-fiction,http://www.wwp.northeastern.edu/texts/elizabeth.truecopie.html
TR00372,elizabeth.twospeeches.xml,"A Speech Made by Queen Elizabeth, 1593 (published 1688)",Elizabeth I,London,1688,G.non-fiction,http://www.wwp.northeastern.edu/texts/elizabeth.twospeeches.html
TR00139,erskine.alcon.xml,"Alcon Malanzore, a Moorish Tale, 1815","Norton, Eliza Bland (Smith)",Brussels,1815,G.verse.narrative,http://www.wwp.northeastern.edu/texts/erskine.alcon.html
TR00140,erskine.isabel.xml,"Isabel, a Tale in Two Cantos, and Other Poems, 1814","Norton, Eliza Bland (Smith)",London,1814,G.verse,http://www.wwp.northeastern.edu/texts/erskine.isabel.html
TR00105,evans.shortrelation.xml,"This is a Short Relation, 1662","Evans, Katharine",London,1662,G.non-fiction,http://www.wwp.northeastern.edu/texts/evans.shortrelation.html
TR00451,evelyn.foppensis.xml,"Mundus Foppensis: or the Fop Displayed, 1691","Evelyn, Mary",London,1691,G.verse,http://www.wwp.northeastern.edu/texts/evelyn.foppensis.html
TR00692,evelyn.muliebris.xml,"Mundus Muliebris: or, the Ladies Dressing-Room, 1690","Evelyn, Mary",London,1690,G.verse,http://www.wwp.northeastern.edu/texts/evelyn.muliebris.html
TR00588,faugeres.ghost.xml,"The Ghost of John Young the Homicide, 1797","Faugeres, Margaretta V. (Bleecker)",New York,1797,G.verse,http://www.wwp.northeastern.edu/texts/faugeres.ghost.html
TR00376,fell.declaration.xml,"A Declaration and an Information from us the People of God Called Quakers, 1660","Fell, Margaret (Askew)",London,1660,G.non-fiction,http://www.wwp.northeastern.edu/texts/fell.declaration.html
TR00368,fell.demonstration.xml,"An Evident Demonstration to Gods Elect, 1660","Fell, Margaret (Askew)",London,1660,G.non-fiction,http://www.wwp.northeastern.edu/texts/fell.demonstration.html
TR00377,fell.loving.xml,"A Loving Salutation to the Seed of Abraham, 1656","Fell, Margaret (Askew)",London,1656,G.non-fiction,http://www.wwp.northeastern.edu/texts/fell.loving.html
TR00378,fell.thismajor.xml,"This Was Given to Major General Harrison and the Rest, 1660","Fell, Margaret (Askew)",London,1660,G.non-fiction,http://www.wwp.northeastern.edu/texts/fell.thismajor.html
TR00322,fell.womjustified.xml,"Women's Speaking Justified, 1667","Fell, Margaret (Askew)",London,1667,G.non-fiction,http://www.wwp.northeastern.edu/texts/fell.womjustified.html
TR00424.01,finch-a.poems.xml,"Miscellany Poems, on Several Occasions and Aristomenes, 1713","Finch, Anne (Kingsmill), Countess of Winchilsea",London,1713,G.verse,http://www.wwp.northeastern.edu/texts/finch-a.poems.html
TR00424.02,finch-a.shepherd.xml,"Aristomenes: or, the Royal Shepherd, 1713","Finch, Anne (Kingsmill), Countess of Winchilsea",London,1713,G.drama,http://www.wwp.northeastern.edu/texts/finch-a.shepherd.html
TR00075,finch-b.sonnets.xml,"Sonnets and Other Poems, 1805","Finch, B.",London,1805,G.verse,http://www.wwp.northeastern.edu/texts/finch-b.sonnets.html
TR00141,francis.miscpoems.xml,"Miscellaneous Poems, 1790","Francis, Anne (Gittins)",s.l.,1790,G.verse,http://www.wwp.northeastern.edu/texts/francis.miscpoems.html
TR00259,francis.obsequies.xml,"The Obsequies of Demetrius Poliorcetes, 1785","Francis, Anne (Gittins)",London,1785,G.verse.narrative,http://www.wwp.northeastern.edu/texts/francis.obsequies.html
TR00260,francis.song.xml,"A Poetical Translation of the Song of Solomon, 1781","Francis, Anne (Gittins)",London,1781,G.drama.verse,http://www.wwp.northeastern.edu/texts/francis.song.html
TR00227,gannett.address.xml,"Address Delivered With Applause at the Federal-Street Theatre, 1802","Gannett, Deborah (Sampson)","Dedham, MA",1802,G.non-fiction,http://www.wwp.northeastern.edu/texts/gannett.address.html
TR00142,garnett.nightbefore.xml,"The Night Before the Bridal, Sappho, and Other Poems, 1824","Garnett, Catherine Grace",London,1824,G.verse,http://www.wwp.northeastern.edu/texts/garnett.nightbefore.html
TR00850,gooch.poems.xml,"Poems on Various Subjects, 1793","Gooch, Elizabeth Sarah (Villa-Real)",London,1793,G.verse,http://www.wwp.northeastern.edu/texts/gooch.poems.html
TR00493,gray.rule.xml,"The Rule of the Most Blissed Father Saint Benedict (dedication), 1632","Gray, Alexia",Ghent,1632,G.non-fiction,http://www.wwp.northeastern.edu/texts/gray.rule.html
TR00143,green.romance.xml,"Romance Readers and Romance Writers: A Satirical Novel, 1810","Green, Sarah",London,1810,G.fiction.novel,http://www.wwp.northeastern.edu/texts/green.romance.html
TR00494,grey.secretphysick.xml,"A Choice Manual, or Rare and Select Secrets, 1653","Grey, Elizabeth, Countess of Kent",London,1653,G.non-fiction,http://www.wwp.northeastern.edu/texts/grey.secretphysick.html
TR00495,grey.truegentlewomans.xml,"A True Gentlewoman's Delight, 1653","Grey, Elizabeth, Countess of Kent",London,1653,G.non-fiction,http://www.wwp.northeastern.edu/texts/grey.truegentlewomans.html
TR00153,grymeston.miscellanea.xml,"Miscellanea, Meditations, Memoratives, 1604","Grymeston, Elizabeth (Bernye)",London,1604,G.non-fiction,http://www.wwp.northeastern.edu/texts/grymeston.miscellanea.html
TR00154,hands.deathamnon.xml,"The Death of Amnon, 1789","Hands, Elizabeth",Coventry,1789,G.verse,http://www.wwp.northeastern.edu/texts/hands.deathamnon.html
TR00155,haywood.bath-intrigues.xml,"Bath-Intrigues, 1725","Haywood, Eliza (Fowler)",London,1725,G.fiction,http://www.wwp.northeastern.edu/texts/haywood.bath-intrigues.html
TR00417,haywood.eovaai.xml,"Adventures of Eovaai, Princess of Ijaveo, 1736","Haywood, Eliza (Fowler)",London,1736,G.fiction,http://www.wwp.northeastern.edu/texts/haywood.eovaai.html
TR00529,haywood.fairhebrew.xml,"The Fair Hebrew, 1729","Haywood, Eliza (Fowler)",London,1729,G.fiction,http://www.wwp.northeastern.edu/texts/haywood.fairhebrew.html
TR00669.01,haywood.love01.xml,"Love in Excess (vol. 1), 1719","Haywood, Eliza (Fowler)",London,1719,G.fiction,http://www.wwp.northeastern.edu/texts/haywood.love01.html
TR00669.02,haywood.love02.xml,"Love in Excess (vol. 2), 1719","Haywood, Eliza (Fowler)",London,1719,G.fiction,http://www.wwp.northeastern.edu/texts/haywood.love02.html
TR00525,haywood.recluse.xml,"The British Recluse, 1722","Haywood, Eliza (Fowler)",London,1722,G.fiction.novel,http://www.wwp.northeastern.edu/texts/haywood.recluse.html
TR00261,haywood.spectator.xml,"The Female Spectator, 1745-46","Haywood, Eliza (Fowler)",London,1745,G.non-fiction,http://www.wwp.northeastern.edu/texts/haywood.spectator.html
TR00261.01,haywood.spectator01.xml,"The Female Spectator (vol. 1), 1745","Haywood, Eliza (Fowler)",London,1745,G.non-fiction,http://www.wwp.northeastern.edu/texts/haywood.spectator01.html
TR00261.02,haywood.spectator02.xml,"The Female Spectator (vol. 2), 1745","Haywood, Eliza (Fowler)",London,1745,G.non-fiction,http://www.wwp.northeastern.edu/texts/haywood.spectator02.html
TR00261.03,haywood.spectator03.xml,"The Female Spectator (vol. 3), 1745","Haywood, Eliza (Fowler)",London,1745,G.non-fiction,http://www.wwp.northeastern.edu/texts/haywood.spectator03.html
TR00261.04,haywood.spectator04.xml,"The Female Spectator (vol. 4), 1745","Haywood, Eliza (Fowler)",London,1745,G.non-fiction.essay,http://www.wwp.northeastern.edu/texts/haywood.spectator04.html
TR00291,hemans.hymns.xml,"Hymns on the Works of Nature, for the Use of Children, 1827","Hemans, Felicia Dorothea (Browne)",Boston,1827,G.verse,http://www.wwp.northeastern.edu/texts/hemans.hymns.html
TR00151,holford.anjou.xml,"Margaret of Anjou, 1816","Hodson, Margaret (Holford)",Philadelphia,1816,G.verse.narrative,http://www.wwp.northeastern.edu/texts/holford.anjou.html
TR00150,holford.gresford.xml,"Gresford Vale; and Other Poems, 1798","Holford, Margaret (Wrench)",London,1798,G.verse,http://www.wwp.northeastern.edu/texts/holford.gresford.html
TR00149,holford.poems.xml,"Poems, 1811","Hodson, Margaret (Holford)",London,1811,G.verse,http://www.wwp.northeastern.edu/texts/holford.poems.html
TR00533,holley.texas.xml,"Texas, 1831","Holley, Mary Austin",Baltimore,1833,G.non-fiction,http://www.wwp.northeastern.edu/texts/holley.texas.html
TR00148,instone.poems.xml,"Poems on Several Occasions, 1797","Instone, Sarah",Bridgnorth,1797,G.verse,http://www.wwp.northeastern.edu/texts/instone.poems.html
TR00450,jocelin.legacie.xml,"The Mother's Legacy to her Unborn Child, 1624","Jocelin, Elizabeth",London,1624,G.non-fiction.other,http://www.wwp.northeastern.edu/texts/jocelin.legacie.html
TR00147,johnson.sonnets.xml,"Original Sonnets, and Other Poems, 1810","Johnson, Mary F.",London,1810,G.verse,http://www.wwp.northeastern.edu/texts/johnson.sonnets.html
TR00165,jones-a.amaria.xml,"The Poems of Anna Maria, 1793","Jones, Anna Maria",Calcutta,1793,G.verse,http://www.wwp.northeastern.edu/texts/jones-a.amaria.html
TR00146,jones-m.miscellanies.xml,"Miscellanies in Prose and Verse, 1750","Jones, Mary",Oxford,1750,G.verse,http://www.wwp.northeastern.edu/texts/jones-m.miscellanies.html
TR00379,jones-s.sions.xml,"To Sion's Lovers, 1644","Jones, Sarah",London,1644,G.non-fiction,http://www.wwp.northeastern.edu/texts/jones-s.sions.html
TR00537,judson.account.xml,"Account of the American Baptist Mission to the Burman Empire, 1827","Judson, Ann H.",London,1827,G.non-fiction.letter,http://www.wwp.northeastern.edu/texts/judson.account.html
TR00226,kilham.claims.xml,"The Claims of West Africa to Christian Instruction, Through the Native Languages, 1830","Kilham, Hannah",London,1830,G.non-fiction,http://www.wwp.northeastern.edu/texts/kilham.claims.html
TR00225,kilham.memoir.xml,"Memoir of the Late Hannah Kilham, 1837","Kilham, Hannah",London,1837,G.non-fiction,http://www.wwp.northeastern.edu/texts/kilham.memoir.html
TR00476,killigrew.poems.xml,"Poems by Mrs. Anne Killigrew, 1686","Killigrew, Anne",London,1686,G.verse,http://www.wwp.northeastern.edu/texts/killigrew.poems.html
TR00265,lanyer.salvedeus.xml,"Salve Deus Rex Judaeorum, 1611","Lanyer, Aemilia (Bassano)",London,1611,G.verse,http://www.wwp.northeastern.edu/texts/lanyer.salvedeus.html
TR00266,leapor.poems.xml,"Poems Upon Several Occasions, 1748-51","Leapor, Mary",London,1748,G.verse,http://www.wwp.northeastern.edu/texts/leapor.poems.html
TR00267,leapor.poems2.xml,"Poems Upon Several Occasions (vol. 2), 1751","Leapor, Mary",London,1751,G.verse,http://www.wwp.northeastern.edu/texts/leapor.poems2.html
TR00229,lee.life.xml,"The Life and Religious Experience of Jarena Lee, 1836","Lee, Jarena",Philadelphia,1836,G.non-fiction.other,http://www.wwp.northeastern.edu/texts/lee.life.html
TR00411,leigh.mother.xml,"The Mother's Blessing, 1616","Leigh, Dorothy (Kemp)",London,1616,G.non-fiction,http://www.wwp.northeastern.edu/texts/leigh.mother.html
TR00640.01,lennox.eliza01.xml,"The History of Eliza (vol. 1), 1767","Lennox, Charlotte (Ramsay)",London,1767,G.fiction,http://www.wwp.northeastern.edu/texts/lennox.eliza01.html
TR00640.02,lennox.eliza02.xml,"The History of Eliza (vol. 2), 1767","Lennox, Charlotte (Ramsay)",London,1767,G.fiction,http://www.wwp.northeastern.edu/texts/lennox.eliza02.html
TR00268,lennox.museum.xml,"The Lady's Museum, 1760-61","Lennox, Charlotte (Ramsay)",London,1760-1761,G.non-fiction.essay,http://www.wwp.northeastern.edu/texts/lennox.museum.html
TR00156,leonard.millerdream.xml,"The Miller and His Golden Dream, 1822","Leonard, Eliza Lucy","Wellington, Salop",1822,G.verse.narrative,http://www.wwp.northeastern.edu/texts/leonard.millerdream.html
TR00157,lickbarrow.effusions.xml,"Poetical Effusions, 1814","Lickbarrow, Isabella",Kendal,1814,G.verse,http://www.wwp.northeastern.edu/texts/lickbarrow.effusions.html
TR00158,lickbarrow.lament.xml,"A Lament Upon the Death of Her Royal Highness the Princess Charlotte, and Alfred, a Vision, 1818","Lickbarrow, Isabella",Liverpool,1818,G.verse,http://www.wwp.northeastern.edu/texts/lickbarrow.lament.html
TR00159,liddiard.sgelaighe.xml,"The Sgelaighe or, A Tale of Old, 1811","Liddiard, J. S. Anna",London (printed in Bath),1811,G.verse,http://www.wwp.northeastern.edu/texts/liddiard.sgelaighe.html
TR00161,liddiard.theodore.xml,"Mont St. Jean, a Poem, and Theodore and Laura, a Tale, 1816","Liddiard, J. S. Anna",London,1816,G.verse,http://www.wwp.northeastern.edu/texts/liddiard.theodore.html
TR00481,lilburne.knights.xml,"To the Chosen and Betrusted Knights, 1646","Lilburne, Elizabeth",London,1646,G.non-fiction,http://www.wwp.northeastern.edu/texts/lilburne.knights.html
TR00163,little.poeticalworks.xml,"The Poetical Works of Janet Little, The Scotch Milkmaid, 1792","Little, Janet",Air,1792,G.verse.lyric,http://www.wwp.northeastern.edu/texts/little.poeticalworks.html
TR00382.01,locke.epistle.xml,"Sermons of John Calvin (Introductory Epistle), 1560","Locke, Anne (Vaughan)",London,1560,G.non-fiction,http://www.wwp.northeastern.edu/texts/locke.epistle.html
TR00497,locke.markes.xml,"Of the Marks of the Children of God (Dedicatory Epistle), 1590","Locke, Anne (Vaughan)",London,1590,G.non-fiction,http://www.wwp.northeastern.edu/texts/locke.markes.html
TR00382,locke.meditation.xml,"A Meditation of a Penitent Sinner, 1560","Locke, Anne (Vaughan)",London,1560,G.verse,http://www.wwp.northeastern.edu/texts/locke.meditation.html
TR00431,love.name1651.xml,"Love's Name Lives, 1651","Love, Mary (Stone)",London,1651,G.non-fiction,http://www.wwp.northeastern.edu/texts/love.name1651.html
TR00482,love.name1663.xml,"Love's Name Lives, 1663","Love, Mary (Stone)",London,1663,G.non-fiction,http://www.wwp.northeastern.edu/texts/love.name1663.html
TR00413,makin.essays.xml,"An Essay to Revive the Ancient Education of Gentlewomen, 1673","Makin, Bathsua (Reynolds)",London,1673,G.non-fiction.other,http://www.wwp.northeastern.edu/texts/makin.essays.html
TR00498,man.argenis.xml,"An Epitome of the History of Fair Argenis and Polyarchus, 1640","Man, Judith",London,1640,G.fiction,http://www.wwp.northeastern.edu/texts/man.argenis.html
TR00427,manley.letters.xml,"Letters Written by Mrs. Manley, 1696","Manley, Delarivier",London,1696,G.non-fiction,http://www.wwp.northeastern.edu/texts/manley.letters.html
TR00166,maxwell.feudal.xml,"Feudal Tales, 1810","Maxwell, Caroline",London,1810,G.verse,http://www.wwp.northeastern.edu/texts/maxwell.feudal.html
TR00167,melvill.godliedream.xml,"A Godly Dream, 1606","Melvill, Elizabeth",Edinburgh,1606,G.verse,http://www.wwp.northeastern.edu/texts/melvill.godliedream.html
TR00530,moise.fancysketch.xml,"Fancy's Sketch Book, 1833","Moise, Penina","Charleston, S.C.",1833,G.verse,http://www.wwp.northeastern.edu/texts/moise.fancysketch.html
TR00169,montague.essay.xml,"An Original Essay on Woman, 1771","Montague, Mary Seymour",London,1771,G.verse.other,http://www.wwp.northeastern.edu/texts/montague.essay.html
TR00698,mortimer.job.xml,"The History of Job, in Language Adapted to Children, 1842","Mortimer, Favell (Lee)",London,1842,G.fiction,http://www.wwp.northeastern.edu/texts/mortimer.job.html
TR00300,morton.ouabi.xml,"Ouabi, 1790","Morton, Sarah Wentworth",Boston,1790,G.verse,http://www.wwp.northeastern.edu/texts/morton.ouabi.html
TR00380,munda.worming.xml,"The Worming of a Mad Dog, 1617","Munda, Constantia",London,1617,G.non-fiction,http://www.wwp.northeastern.edu/texts/munda.worming.html
TR00173,murray.desultory.xml,"Desultory Thoughts, 1784","Murray, Judith (Sargent)",Boston,1784,G.non-fiction,http://www.wwp.northeastern.edu/texts/murray.desultory.html
TR00172,murray.equality.xml,"On the Equality of the Sexes, 1790","Murray, Judith (Sargent)",Boston,1790,G.non-fiction.essay,http://www.wwp.northeastern.edu/texts/murray.equality.html
TR00196,murray.gleaner.xml,"The Gleaner, 1798","Murray, Judith (Sargent)",Boston,1798,G.non-fiction.essay,http://www.wwp.northeastern.edu/texts/murray.gleaner.html
TR00175,nooth.poemsplay.xml,"Original Poems and a Play, 1815","Nooth, Charlotte",London,1815,G.drama.mixed,http://www.wwp.northeastern.edu/texts/nooth.poemsplay.html
TR00176,oneill.poetical.xml,"Poetical Essays; Being a Collection of Satirical Poems, Songs and Acrostics, 1802","O'Neill, Frances (Carroll)",London,1802,G.verse,http://www.wwp.northeastern.edu/texts/oneill.poetical.html
TR00616,osborn.evidence.xml,"The Nature, Certainty, and Evidence of True Christianity, 1755","Osborn, Sarah (Haggar)",Boston,1755,G.non-fiction,http://www.wwp.northeastern.edu/texts/osborn.evidence.html
TR00694,osborn.letters.xml,"Familiar Letters, 1807","Osborn, Sarah (Haggar)","Newport, RI",1807,G.non-fiction,http://www.wwp.northeastern.edu/texts/osborn.letters.html
TR00477,owen.antipurg.xml,"An Antidote Against Purgatory, 1634","Owen, Jane",Saint-Omer,1634,G.non-fiction,http://www.wwp.northeastern.edu/texts/owen.antipurg.html
TR00177,owenson.irishharp.xml,"The Lay of an Irish Harp, 1807","Owenson, Sydney",London,1807,G.verse.lyric,http://www.wwp.northeastern.edu/texts/owenson.irishharp.html
TR00178,owenson.poems.xml,"Poems, 1801","Owenson, Sydney",Dublin and London,1801,G.verse,http://www.wwp.northeastern.edu/texts/owenson.poems.html
TR00434,parr-k.lament.xml,"The Lamentation of a Sinner, 1548","Parr, Katharine",London,1548,G.non-fiction,http://www.wwp.northeastern.edu/texts/parr-k.lament.html
TR00375,parr-k.prayers.xml,"Prayers Stirring the Mind unto Heavenly Meditations, 1545","Parr, Katharine",London,1545,G.non-fiction,http://www.wwp.northeastern.edu/texts/parr-k.prayers.html
TR00499,parr-s.apologie.xml,"Susanna's Apology Against the Elders, 1659","Parr, Susanna",Oxford,1659,G.non-fiction,http://www.wwp.northeastern.edu/texts/parr-s.apologie.html
TR00595,pennington.advice.xml,"An Unfortunate Mother's Advice to her Absent Daughters, 1773","Pennington, Sarah, Lady",London,1773,G.non-fiction,http://www.wwp.northeastern.edu/texts/pennington.advice.html
TR00365,philips-j.female.xml,"Female Poems on Several Occasions, 1679","Philips, Joan",London,1679,G.verse,http://www.wwp.northeastern.edu/texts/philips-j.female.html
TR00270,philips-k.poems1664.xml,"Poems, 1664","Philips, Katherine (Fowler)",London,1664,G.verse,http://www.wwp.northeastern.edu/texts/philips-k.poems1664.html
TR00271,philips-k.poems1667.xml,"Poems by the Most Deservedly Admired Mrs. Katherine Philips, the Matchless Orinda, to which is added Monsieur Corneille's Pompey and Horace, Tragedies, 1667","Philips, Katherine (Fowler)",London,1667,G.verse,http://www.wwp.northeastern.edu/texts/philips-k.poems1667.html
TR00184,philips-k.pompey.xml,"Pompey, 1663","Philips, Katherine (Fowler)",Dublin,1663,G.drama,http://www.wwp.northeastern.edu/texts/philips-k.pompey.html
TR00180,philips.1697letters.xml,"Letters by the Late Celebrated Mrs. Katherine Philips, 1697","Philips, Katherine (Fowler)",London,1697,G.non-fiction.letter,http://www.wwp.northeastern.edu/texts/philips.1697letters.html
TR00181,philips.1705letters.xml,"Letters by the Late Celebrated Mrs. Katherine Philips, 1705","Philips, Katherine (Fowler)",London,1705,G.non-fiction.letter,http://www.wwp.northeastern.edu/texts/philips.1705letters.html
TR00179,philips.denham-horace.xml,"Conclusion to Katherine Philips' Horace, 1669","Denham, John",London,1669,G.drama.prose,http://www.wwp.northeastern.edu/texts/philips.denham-horace.html
TR00183,philips.letters.xml,"Letters From Orinda to Poliarchus, 1705","Philips, Katherine (Fowler)",London,1705,G.non-fiction.letter,http://www.wwp.northeastern.edu/texts/philips.letters.html
TR00185,pindar.mousiad.xml,"The Mousiad. An Heroi-Comic Poem, 1787","Pindar, Polly",London,1787,G.verse.narrative,http://www.wwp.northeastern.edu/texts/pindar.mousiad.html
TR00471,pix.beau.xml,"The Beau Defeated, 1700","Pix, Mary (Griffith)",London,1700,G.drama,http://www.wwp.northeastern.edu/texts/pix.beau.html
TR00472,pix.deceiver.xml,"The Deceiver Deceived, 1698","Pix, Mary (Griffith)",London,1698,G.drama,http://www.wwp.northeastern.edu/texts/pix.deceiver.html
TR00709,pix.falsefriend.xml,"The False Friend, 1699","Pix, Mary (Griffith)",London,1699,G.drama,http://www.wwp.northeastern.edu/texts/pix.falsefriend.html
TR00474,pix.innocent.xml,"The Innocent Mistress, 1697","Pix, Mary (Griffith)",London,1697,G.drama,http://www.wwp.northeastern.edu/texts/pix.innocent.html
TR00531,plato.essays.xml,"Essays, 1841","Plato, Ann",Hartford,1841,G.non-fiction,http://www.wwp.northeastern.edu/texts/plato.essays.html
TR00500,poole.vision.xml,"A Vision, 1648","Poole, Elizabeth",London,1648,G.non-fiction,http://www.wwp.northeastern.edu/texts/poole.vision.html
TR00186,prescott.poems.xml,"Poems, 1799","Prescott, Rachel",London,1799,G.verse.lyric,http://www.wwp.northeastern.edu/texts/prescott.poems.html
TR00272,primrose.chaine.xml,"A Chain of Pearl, 1630","Primrose, Diana",London,1630,G.verse,http://www.wwp.northeastern.edu/texts/primrose.chaine.html
TR00532,prince.narrativelife.xml,"A Narrative of the Life and Travels of Mrs. Nancy Prince, 1850","Prince, Nancy (Gardener)",Boston,1850,G.non-fiction,http://www.wwp.northeastern.edu/texts/prince.narrativelife.html
TR00675,prince.westindies.xml,"The West Indies, 1841","Prince, Nancy (Gardener)",Boston,1841,G.non-fiction,http://www.wwp.northeastern.edu/texts/prince.westindies.html
TR00187,quigley.poems.xml,"Poems, 1813","Quigley, Catherine",Dublin,1813,G.verse,http://www.wwp.northeastern.edu/texts/quigley.poems.html
TR00407,rm.mother.xml,"The Mother's Counsel or, Live Within Compass, 1630","R., M.",London,1630,G.non-fiction,http://www.wwp.northeastern.edu/texts/rm.mother.html
TR00190,robinson.poetical.xml,"The Poetical Works of the Late Mrs. Mary Robinson, 1824","Robinson, Mary (Darby)",London,1824,G.verse,http://www.wwp.northeastern.edu/texts/robinson.poetical.html
TR00296,robinson.reflections.xml,"Impartial Reflections on the Present Situation of the Queen of France, 1791","Robinson, Mary (Darby)",London,1791,G.non-fiction,http://www.wwp.northeastern.edu/texts/robinson.reflections.html
TR00193,robinson.sappho-phaon.xml,"Sappho and Phaon (prefatory material), 1796","Robinson, Mary (Darby)",London,1796,G.non-fiction,http://www.wwp.northeastern.edu/texts/robinson.sappho-phaon.html
TR00192,robinson.thoughts.xml,"Thoughts on the Condition of Women, 1799","Robinson, Mary (Darby)",London,1799,G.non-fiction,http://www.wwp.northeastern.edu/texts/robinson.thoughts.html
TR00400,roper.devout1526.xml,"A Devout Treatise Upon the Pater Noster, 1526","Roper, Margaret (More)",London,1526,G.non-fiction,http://www.wwp.northeastern.edu/texts/roper.devout1526.html
TR00401,roper.devout1531.xml,"A Devout Treatise Upon the Pater Noster, 1531","Roper, Margaret (More)",London,1531,G.non-fiction,http://www.wwp.northeastern.edu/texts/roper.devout1531.html
TR00195,roscoe.poems.xml,"Poems, 1821","Roscoe, Jane Elizabeth",London,1821,G.verse.lyric,http://www.wwp.northeastern.edu/texts/roscoe.poems.html
TR00518,rowe.friendship.xml,"Friendship in Death, 1728","Rowe, Elizabeth (Singer)",London,1728,G.fiction,http://www.wwp.northeastern.edu/texts/rowe.friendship.html
TR00519,rowe.poems.xml,"Poems on Several Occasions, 1696","Rowe, Elizabeth (Singer)",London,1696,G.verse,http://www.wwp.northeastern.edu/texts/rowe.poems.html
TR00602,rowson.inquisitor.xml,"The Inquisitor; or Invisible Rambler, 1794","Rowson, Susanna (Haswell)",Philadelphia,1794,G.fiction,http://www.wwp.northeastern.edu/texts/rowson.inquisitor.html
TR00592,rowson.present.xml,"A Present for Young Ladies, 1811","Rowson, Susanna (Haswell)",Boston,1811,G.non-fiction.other,http://www.wwp.northeastern.edu/texts/rowson.present.html
TR00303,royall.alabama.xml,"Letters from Alabama, 1830","Royall, Anne Newport","Washington, DC",1830,G.non-fiction,http://www.wwp.northeastern.edu/texts/royall.alabama.html
TR00501,russell.reconcil.xml,"A Way of Reconciliation (introductory material), 1605","Russell, Elizabeth",London,1605,G.non-fiction,http://www.wwp.northeastern.edu/texts/russell.reconcil.html
TR00273,ryves.hastiniad.xml,"The Hastiniad, 1784","Ryves, Eliza",London,1785,G.verse,http://www.wwp.northeastern.edu/texts/ryves.hastiniad.html
TR00302,sanders.aborigine.xml,"Conversations Principally on the Aborigines of North America, 1829","Sanders, Elizabeth Elkins","Salem, Massachusetts",1829,G.non-fiction,http://www.wwp.northeastern.edu/texts/sanders.aborigine.html
TR00201,scott.advocate.xml,"The Female Advocate, 1774","Scott, Mary",London,1774,G.verse,http://www.wwp.northeastern.edu/texts/scott.advocate.html
TR00202,sharp.midwives.xml,"The Midwives Book, 1671","Sharp, Jane",London,1671,G.non-fiction,http://www.wwp.northeastern.edu/texts/sharp.midwives.html
TR00626.01,sheridan.eugenia01.xml,"Eugenia and Adelaide, a Novel (vol. 1), 1791","Sheridan, Frances (Chamberlaine)",London,1791,G.fiction,http://www.wwp.northeastern.edu/texts/sheridan.eugenia01.html
TR00626.02,sheridan.eugenia02.xml,"Eugenia and Adelaide, a Novel (vol. 2), 1791","Sheridan, Frances (Chamberlaine)",London,1791,G.fiction,http://www.wwp.northeastern.edu/texts/sheridan.eugenia02.html
TR00204,sidney.antonie.xml,"The Tragedie of Antony, 1595","Sidney, Mary, Countess of Pembroke",London,1595,G.drama,http://www.wwp.northeastern.edu/texts/sidney.antonie.html
TR00440.02,sidney.antonius.xml,"Antonius, 1592","Sidney, Mary, Countess of Pembroke",London,1592,G.drama.prose,http://www.wwp.northeastern.edu/texts/sidney.antonius.html
TR00405,sidney.clorinda.xml,"The Doleful Lay of the Fair Clorinda, 1595","Sidney, Mary, Countess of Pembroke",London,1595,G.verse,http://www.wwp.northeastern.edu/texts/sidney.clorinda.html
TR00440.01,sidney.discourse.xml,"A Discourse of Life and Death, 1592","Sidney, Mary, Countess of Pembroke",London,1592,G.non-fiction,http://www.wwp.northeastern.edu/texts/sidney.discourse.html
TR00409,sidney.shepherds.xml,"Dialogue Between Two Shepherds In Praise of Astrea, 1602","Sidney, Mary, Countess of Pembroke",London,1602,G.verse,http://www.wwp.northeastern.edu/texts/sidney.shepherds.html
TR00299,sigourney.aborigines.xml,"Traits of the Aborigines of America, 1822","Sigourney, Lydia Howard","Cambridge, Massachusetts",1822,G.verse,http://www.wwp.northeastern.edu/texts/sigourney.aborigines.html
TR00621,sigourney.connecticut.xml,"Sketch of Connecticut, Forty Years Since, 1824","Sigourney, Lydia Howard",Hartford,1824,G.non-fiction,http://www.wwp.northeastern.edu/texts/sigourney.connecticut.html
TR00714,simmons.jerusalem.xml,"When the Lord Jesus Came to Jerusalem, 1655","Simmons, Martha (Calvert)",[s.l.],1655,G.non-fiction,http://www.wwp.northeastern.edu/texts/simmons.jerusalem.html
TR00713,simmons.lostsheep.xml,"A Lamentation for the Lost Sheep of the House of Israel, 1655","Simmons, Martha (Calvert)",London,1655,G.non-fiction,http://www.wwp.northeastern.edu/texts/simmons.lostsheep.html
TR00276,smith.beachy.xml,"Beachy Head: With Other Poems, 1807","Smith, Charlotte (Turner)",London,1807,G.verse,http://www.wwp.northeastern.edu/texts/smith.beachy.html
TR00206,smith.conversations.xml,"Conversations Introducing Poetry, 1819","Smith, Charlotte (Turner)",London,1819,G.fiction,http://www.wwp.northeastern.edu/texts/smith.conversations.html
TR00663,smith.darcy.xml,"D'Arcy, 1796","Smith, Charlotte",Philadelphia,1796,G.fiction,http://www.wwp.northeastern.edu/texts/smith.darcy.html
TR00208,smith.desmond.xml,"Desmond, 1792","Smith, Charlotte (Turner)",Dublin,1792,G.fiction.novel,http://www.wwp.northeastern.edu/texts/smith.desmond.html
TR00275,smith.emigrants.xml,"The Emigrants, 1793","Smith, Charlotte (Turner)",London,1793,G.verse.other,http://www.wwp.northeastern.edu/texts/smith.emigrants.html
TR00447,smith.manor.xml,"The Old Manor House, 1793","Smith, Charlotte (Turner)",London,1793,G.fiction,http://www.wwp.northeastern.edu/texts/smith.manor.html
TR00274,smith.sonnets.xml,"Elegiac Sonnets, 1797","Smith, Charlotte (Turner)",London,1797,G.verse,http://www.wwp.northeastern.edu/texts/smith.sonnets.html
TR00210,smith.whatisshe.xml,"What Is She?, 1799","Smith, Charlotte (Turner)",London,1799,G.drama.prose,http://www.wwp.northeastern.edu/texts/smith.whatisshe.html
TR00211,sotheby.patient.xml,"Patient Griselda, 1798","Sotheby, Eliza",Bristol,1798,G.verse.narrative,http://www.wwp.northeastern.edu/texts/sotheby.patient.html
TR00399,sowernam.haman.xml,"Esther Hath Hang'd Haman, 1617","Sowernam, Ester",London,1617,G.non-fiction,http://www.wwp.northeastern.edu/texts/sowernam.haman.html
TR00277,speght.mortmemo.xml,"Mortalities Memorandum, 1621","Speght, Rachel",London,1621,G.verse,http://www.wwp.northeastern.edu/texts/speght.mortmemo.html
TR00231,speght.movzell.xml,"A Muzzle for Melastomus, 1617","Speght, Rachel",London,1617,G.non-fiction,http://www.wwp.northeastern.edu/texts/speght.movzell.html
TR00508,stagg.petition.xml,"A True Copy of the Petition, 1641","Stagg, Anne",London,1641,G.non-fiction,http://www.wwp.northeastern.edu/texts/stagg.petition.html
TR00679,stewart.meditations.xml,"Meditations from the Pen of Mrs. Maria W. Stewart, 1832","Stewart, Maria W. (Miller)",Boston,1832,G.non-fiction,http://www.wwp.northeastern.edu/texts/stewart.meditations.html
TR00678,stewart.religion.xml,"Religion and the Pure Principles of Morality, 1831","Stewart, Maria W. (Miller)",Boston,1831,G.non-fiction,http://www.wwp.northeastern.edu/texts/stewart.religion.html
TR00606,stone.midwifery.xml,"A Complete Practice of Midwifery, 1737","Stone, Sarah",London,1737,G.non-fiction,http://www.wwp.northeastern.edu/texts/stone.midwifery.html
TR00502,sutcliffe.meditations.xml,"Meditations of Man's Mortality, 1634","Sutcliffe, Alice (Woodhouse)",London,1634,G.non-fiction,http://www.wwp.northeastern.edu/texts/sutcliffe.meditations.html
TR00503,tattle.revenge.xml,"The Womens Sharp Revenge, 1640","Tattle-well, Mary",London,1640,G.non-fiction,http://www.wwp.northeastern.edu/texts/tattle.revenge.html
TR00214,taylor.essays.xml,"Essays in Rhyme, 1816","Taylor, Jane",London,1816,G.verse,http://www.wwp.northeastern.edu/texts/taylor.essays.html
TR00213,taylor.poems.xml,"Poems by Ellen Taylor, the Irish Cottager, 1792","Taylor, Ellen",London,1792,G.verse.lyric,http://www.wwp.northeastern.edu/texts/taylor.poems.html
TR00513,tollet.poems.xml,"Poems on Several Occasions, with Anne Boleyn to Henry VIII, 1756","Tollet, Elizabeth",London,1756,G.verse,http://www.wwp.northeastern.edu/texts/tollet.poems.html
TR00504,trapnel.stone.xml,"The Cry of a Stone, 1654","Trapnel, Anna",London,1654,G.non-fiction,http://www.wwp.northeastern.edu/texts/trapnel.stone.html
TR00505,trapnel.strange.xml,"Strange and Wonderful News, 1654","Trapnel, Anna",London,1654,G.non-fiction,http://www.wwp.northeastern.edu/texts/trapnel.strange.html
TR00717,trench.thoughts.xml,"Thoughts of a Parent on Education, 1837","Trench, Melesina (Chenevix)",London,1837,G.non-fiction,http://www.wwp.northeastern.edu/texts/trench.thoughts.html
TR00609,trimmer.fabulous.xml,"Fabulous Histories, 1786","Trimmer, Sarah",London,1786,G.fiction,http://www.wwp.northeastern.edu/texts/trimmer.fabulous.html
TR00506.01,tyler.intro.xml,"The Mirror of Princely Deeds and Knighthood (introductory material), 1578","Tyler, Margaret",London,1578,G.non-fiction,http://www.wwp.northeastern.edu/texts/tyler.intro.html
TR00237,unknown.brideling.xml,"The Bridling, Saddling, and Riding of a Rich Churl in Hampshire, 1595",[unknown],London,1595,G.non-fiction.other,http://www.wwp.northeastern.edu/texts/unknown.brideling.html
TR00232,unknown.changingscenes.xml,"Changing Scenes, 1825",[unknown],New York,1825,G.fiction,http://www.wwp.northeastern.edu/texts/unknown.changingscenes.html
TR00483,unknown.elizas.xml,"Eliza's Babes, 1652",[unknown],London,1652,G.verse,http://www.wwp.northeastern.edu/texts/unknown.elizas.html
TR00008,unknown.femalewits.xml,"The Female Wits, 1704",[unknown],London,1704,G.drama,http://www.wwp.northeastern.edu/texts/unknown.femalewits.html
TR00410,unknown.fortunate.xml,"The Fortunate Transport, 1750",[unknown],London,1750,G.fiction,http://www.wwp.northeastern.edu/texts/unknown.fortunate.html
TR00676,unknown.memoir.xml,"Memoir of Mrs. Chloe Spear, 1832",[unknown],Boston,1832,G.non-fiction,http://www.wwp.northeastern.edu/texts/unknown.memoir.html
TR00238,unknown.swetnam.xml,"Swetnam, the Woman-Hater, Arraigned by Women, 1620",[unknown],London,1620,G.drama,http://www.wwp.northeastern.edu/texts/unknown.swetnam.html
TR00005,unknown.tears.xml,"England's Tears: A Poem, 1774",[unknown],London,1774,G.verse,http://www.wwp.northeastern.edu/texts/unknown.tears.html
TR00492,unknown.witchcrafts.xml,"The Wonderful Discoverie of the Witchcrafts of Margaret and Phillip Flower, 1619",[unknown],London,1619,G.non-fiction,http://www.wwp.northeastern.edu/texts/unknown.witchcrafts.html
TR00437.02,various.lampvirginity.xml,"The First Lamp of Virginity, 1582",[various],London,1582,G.non-fiction,http://www.wwp.northeastern.edu/texts/various.lampvirginity.html
TR00515.01,various.loveletters1.xml,"Letters of Love and Gallantry (vol. 1), 1693",[various],London,1693,G.fiction,http://www.wwp.northeastern.edu/texts/various.loveletters1.html
TR00515.02,various.loveletters2.xml,"Letters of Love and Gallantry (vol. 2), 1694",[various],London,1694,G.fiction.letter,http://www.wwp.northeastern.edu/texts/various.loveletters2.html
TR00437,various.matrones.xml,"The Monument of Matrons (excerpts), 1582",[various],London,1582,G.non-fiction,http://www.wwp.northeastern.edu/texts/various.matrones.html
TR00323,waite.yearlymeet.xml,"Epistle from the Womens Yearly Meeting at York, and an Epistle from Mary Waite, 1688","Waite, Mary",York,1688,G.non-fiction,http://www.wwp.northeastern.edu/texts/waite.yearlymeet.html
TR00608,wakefield.mental.xml,"Mental Improvement, 1794","Wakefield, Priscilla",London,1794,G.non-fiction,http://www.wwp.northeastern.edu/texts/wakefield.mental.html
TR00446,warren.adulateur.xml,"The Adulateur, 1773","Warren, Mercy (Otis)",Boston,1773,G.drama,http://www.wwp.northeastern.edu/texts/warren.adulateur.html
TR00719,warren.blockheads.xml,"The Blockheads: or, the Affrighted Officers, 1776","Warren, Mercy (Otis)",Boston,1776,G.drama,http://www.wwp.northeastern.edu/texts/warren.blockheads.html
TR00129,warren.group.xml,"The Group, 1775","Warren, Mercy (Otis)",Boston,1775,G.drama,http://www.wwp.northeastern.edu/texts/warren.group.html
TR00216,weamys.arcadia.xml,"A Continuation of Sir Philip Sydney's Arcadia, 1651","Weamys, Anna",London,1651,G.fiction,http://www.wwp.northeastern.edu/texts/weamys.arcadia.html
TR00217,west.poems-tragedy.xml,"Miscellaneous Poems, and a Tragedy, 1791","West, Jane (Iliffe)",York,1791,G.verse,http://www.wwp.northeastern.edu/texts/west.poems-tragedy.html
TR00408,wheathill.hearbs.xml,"A Handful of Wholesome (Though Homely) Herbs, 1584","Wheathill, Anne",London,1584,G.non-fiction,http://www.wwp.northeastern.edu/texts/wheathill.hearbs.html
TR00516,wheatley.poems.xml,"Poems on Various Subjects, Religious and Moral, 1773","Wheatley, Phillis",London,1773,G.verse,http://www.wwp.northeastern.edu/texts/wheatley.poems.html
TR00279,whitney.copy.xml,"The Copy of a Letter, 1567","Whitney, Isabella",London,1567,G.verse,http://www.wwp.northeastern.edu/texts/whitney.copy.html
TR00280,whitney.nosegay.xml,"A Sweet Nosegay, or Pleasant Posy, 1573","Whitney, Isabella",London,1573,G.verse,http://www.wwp.northeastern.edu/texts/whitney.nosegay.html
TR00521,whitrow.humbleaddress.xml,"The Humble Address of the Widow Whitrowe to King William, 1689","Whitrow, Joan",London,1689,G.non-fiction,http://www.wwp.northeastern.edu/texts/whitrow.humbleaddress.html
TR00522,whitrow.humblesalutation.xml,"The Humble Salutation and Faithful Greeting of the Widow Whitrowe to King William, 1690","Whitrow, Joan",London,1690,G.non-fiction,http://www.wwp.northeastern.edu/texts/whitrow.humblesalutation.html
TR00524,whitrow.humblethanksgiving.xml,"The Widow Whitrow's Humble Thanksgiving, 1694","Whitrow, Joan",London,1694,G.non-fiction.other,http://www.wwp.northeastern.edu/texts/whitrow.humblethanksgiving.html
TR00523,whitrow.toking.xml,"To King William and Queen Mary, 1692","Whitrow, Joan",London,1692,G.non-fiction,http://www.wwp.northeastern.edu/texts/whitrow.toking.html
TR00520,whitrow.work.xml,"The Work of God in a Dying Maid, 1677","Whitrow, Joan",s.l.,1677,G.non-fiction,http://www.wwp.northeastern.edu/texts/whitrow.work.html
TR00220,williams.fallriver.xml,"Fall River, 1833","Williams, Catherine Read (Arnold)",Boston,1833,G.non-fiction.other,http://www.wwp.northeastern.edu/texts/williams.fallriver.html
TR00281,williams.farewell.xml,"A Farewell, for Two Years, to England, 1791","Williams, Helen Maria",London,1791,G.verse,http://www.wwp.northeastern.edu/texts/williams.farewell.html
TR00685,williams.poems.xml,"Original Poems, 1828","Williams, Catherine Read (Arnold)",Providence,1828,G.verse,http://www.wwp.northeastern.edu/texts/williams.poems.html
TR00724,williams.slavetrade.xml,"A Poem on the Bill Lately Passed for Regulating the Slave Trade, 1788","Williams, Helen Maria",London,1788,G.verse,http://www.wwp.northeastern.edu/texts/williams.slavetrade.html
TR00412,wolley.cook.xml,"The Cook's Guide: or, Rare Receipts for Cookery, 1664","Woolley, Hannah",London,1664,G.non-fiction,http://www.wwp.northeastern.edu/texts/wolley.cook.html
TR00222,wollstonecraft.poetry.xml,"On Poetry, and our Relish for the Beauties of Nature, 1798","Wollstonecraft, Mary",London,1798,G.non-fiction.other,http://www.wwp.northeastern.edu/texts/wollstonecraft.poetry.html
TR00223,wroth.urania.xml,"The Countess of Montgomery's Urania, 1621","Wroth, Lady Mary (Sidney)",London,1621,G.fiction,http://www.wwp.northeastern.edu/texts/wroth.urania.html
TR00282,yearsley.goodwin.xml,"Earl Goodwin, an Historical Play, 1791","Yearsley, Ann (Cromartie)",London,1791,G.drama.prose,http://www.wwp.northeastern.edu/texts/yearsley.goodwin.html
TR00228,yearsley.poems.xml,"Poems on Various Subjects, 1787","Yearsley, Ann (Cromartie)",London,1787,G.verse,http://www.wwp.northeastern.edu/texts/yearsley.poems.html